sale_id,sale_date,customer_id,product_id,employee_id,quantity,discount,gross_sales,net_sales
1,2025-11-24,15,2,5,2,5,124000.0,117800.0
2,2025-03-13,95,7,9,1,15,65000.0,55250.0
3,2025-01-17,4,6,4,2,0,144000.0,144000.0
4,2025-10-15,26,46,9,4,5,9600.0,9120.0
5,2025-08-18,76,18,1,2,15,2400.0,2040.0
6,2025-06-24,36,10,4,3,0,126000.0,126000.0
7,2025-02-17,49,7,6,3,10,195000.0,175500.0
8,2025-01-23,94,30,9,1,15,1400.0,1190.0
9,2025-02-10,71,19,10,3,5,2700.0,2565.0
10,2025-12-27,9,3,4,3,0,162000.0,162000.0
11,2025-04-30,13,25,5,4,10,8800.0,7920.0
12,2025-03-25,48,23,4,3,0,90000.0,90000.0
13,2025-11-08,82,11,9,2,5,84000.0,79800.0
14,2025-08-25,49,18,9,2,10,2400.0,2160.0
15,2025-01-29,30,3,6,4,10,216000.0,194400.0
16,2025-02-03,28,37,6,2,20,33000.0,26400.0
17,2025-07-22,83,30,3,3,5,4200.0,3990.0
18,2025-05-07,96,36,9,3,15,25500.0,21675.0
19,2025-10-26,52,24,4,2,20,15000.0,12000.0
20,2025-02-16,97,4,2,2,5,116000.0,110200.0
21,2025-12-15,55,39,2,4,15,3600.0,3060.0
22,2025-11-02,60,34,5,5,0,32500.0,32500.0
23,2025-12-15,93,8,9,3,10,210000.0,189000.0
24,2025-02-27,38,28,3,4,0,6400.0,6400.0
25,2025-05-15,65,49,3,5,0,9000.0,9000.0
26,2025-11-17,39,41,9,5,5,36000.0,34200.0
27,2025-03-20,48,49,3,5,0,9000.0,9000.0
28,2025-11-03,42,32,1,1,10,2500.0,2250.0
29,2025-06-07,31,4,4,5,0,290000.0,290000.0
30,2025-02-13,94,32,2,5,5,12500.0,11875.0
31,2025-03-07,85,31,9,2,10,1400.0,1260.0
32,2025-09-28,78,28,4,5,5,8000.0,7600.0
33,2025-06-09,52,43,6,4,20,27200.0,21760.0
34,2025-03-03,32,15,2,3,0,43500.0,43500.0
35,2025-10-29,71,15,10,2,0,29000.0,29000.0
36,2025-02-06,91,41,1,2,0,14400.0,14400.0
37,2025-01-17,43,5,9,2,10,112000.0,100800.0
38,2025-12-09,63,14,9,2,20,74000.0,59200.0
39,2025-05-05,61,27,4,1,0,15000.0,15000.0
40,2025-12-04,56,23,7,4,20,120000.0,96000.0
41,2025-01-28,87,42,2,1,15,5500.0,4675.0
42,2025-06-23,14,16,4,2,20,44000.0,35200.0
43,2025-03-13,55,12,5,4,5,272000.0,258400.0
44,2025-02-08,57,36,2,1,0,8500.0,8500.0
45,2025-02-17,97,16,3,4,20,88000.0,70400.0
46,2025-09-04,28,26,1,2,15,50000.0,42500.0
47,2025-01-02,50,17,8,3,15,84000.0,71400.0
48,2025-12-23,94,36,8,2,5,17000.0,16150.0
49,2025-06-01,28,4,10,5,0,290000.0,290000.0
50,2025-06-10,8,4,10,4,5,232000.0,220400.0
51,2025-01-30,66,6,3,1,0,72000.0,72000.0
52,2025-12-12,31,26,2,5,5,125000.0,118750.0
53,2025-10-24,77,3,10,1,15,54000.0,45900.0
54,2025-12-03,75,37,9,3,10,49500.0,44550.0
55,2025-04-15,86,46,6,2,10,4800.0,4320.0
56,2025-07-22,17,43,5,4,10,27200.0,24480.0
57,2025-02-07,2,30,10,5,0,7000.0,7000.0
58,2025-02-07,69,14,9,3,5,111000.0,105450.0
59,2025-06-28,9,16,6,3,5,66000.0,62700.0
60,2025-08-13,70,46,5,5,0,12000.0,12000.0
61,2025-12-08,71,20,2,2,10,9000.0,8100.0
62,2025-03-01,14,48,9,2,10,3998.0,3598.2
63,2025-05-25,78,14,6,2,10,74000.0,66600.0
64,2025-09-16,63,17,1,1,15,28000.0,23800.0
65,2025-05-22,6,1,6,2,10,130000.0,117000.0
66,2025-03-24,95,29,9,4,0,12800.0,12800.0
67,2025-02-27,10,45,3,5,0,26000.0,26000.0
68,2025-07-09,75,36,3,4,5,34000.0,32300.0
69,2025-01-22,40,24,1,3,5,22500.0,21375.0
70,2025-12-16,32,43,2,3,15,20400.0,17340.0
71,2025-11-14,96,10,4,2,5,84000.0,79800.0
72,2025-07-31,4,12,6,4,5,272000.0,258400.0
73,2025-05-17,21,45,2,4,0,20800.0,20800.0
74,2025-08-29,29,13,8,3,10,66000.0,59400.0
75,2025-04-27,29,2,4,4,10,248000.0,223200.0
76,2025-05-23,9,50,5,3,15,37500.0,31875.0
77,2025-12-14,69,22,1,1,10,1100.0,990.0
78,2025-04-02,75,17,1,1,15,28000.0,23800.0
79,2025-06-26,94,21,7,5,0,9000.0,9000.0
80,2025-07-17,74,13,5,1,15,22000.0,18700.0
81,2025-01-01,67,35,4,3,15,8400.0,7140.0
82,2025-02-05,86,22,10,3,0,3300.0,3300.0
83,2025-06-03,65,20,7,3,15,13500.0,11475.0
84,2025-12-23,38,36,3,2,15,17000.0,14450.0
85,2025-12-07,49,44,3,5,10,14000.0,12600.0
86,2025-07-27,71,1,5,3,5,195000.0,185250.0
87,2025-08-09,75,39,6,4,20,3600.0,2880.0
88,2025-08-15,87,14,9,4,5,148000.0,140600.0
89,2025-12-04,11,19,9,5,10,4500.0,4050.0
90,2025-02-17,97,16,5,2,5,44000.0,41800.0
91,2025-03-17,4,3,4,4,0,216000.0,216000.0
92,2025-08-22,54,41,10,2,15,14400.0,12240.0
93,2025-09-11,52,16,3,1,0,22000.0,22000.0
94,2025-08-06,29,12,9,4,0,272000.0,272000.0
95,2025-10-13,32,8,8,2,20,140000.0,112000.0
96,2025-12-08,68,36,10,3,20,25500.0,20400.0
97,2025-11-10,93,33,7,5,20,9000.0,7200.0
98,2025-03-23,96,31,8,3,5,2100.0,1995.0
99,2025-11-23,36,50,9,4,5,50000.0,47500.0
100,2025-05-21,57,5,5,2,10,112000.0,100800.0
101,2025-06-21,41,35,2,2,5,5600.0,5320.0
102,2025-04-29,50,45,3,2,0,10400.0,10400.0
103,2025-08-01,53,22,9,4,15,4400.0,3740.0
104,2025-02-01,27,27,7,5,0,75000.0,75000.0
105,2025-10-22,49,31,1,3,10,2100.0,1890.0
106,2025-07-19,54,35,9,5,5,14000.0,13300.0
107,2025-09-07,29,18,7,4,0,4800.0,4800.0
108,2025-07-19,44,43,7,2,20,13600.0,10880.0
109,2025-03-07,80,35,1,4,0,11200.0,11200.0
110,2025-02-12,83,28,3,4,5,6400.0,6080.0
111,2025-01-26,34,25,6,2,20,4400.0,3520.0
112,2025-06-17,44,49,7,3,15,5400.0,4590.0
113,2025-05-10,11,31,1,5,0,3500.0,3500.0
114,2025-06-29,29,42,2,1,0,5500.0,5500.0
115,2025-05-07,26,2,10,2,5,124000.0,117800.0
116,2025-03-06,61,43,2,5,5,34000.0,32300.0
117,2025-08-27,90,17,6,2,0,56000.0,56000.0
118,2025-03-25,40,7,10,1,10,65000.0,58500.0
119,2025-10-22,87,25,7,2,0,4400.0,4400.0
120,2025-10-31,89,41,4,1,10,7200.0,6480.0
121,2025-12-17,77,8,10,1,10,70000.0,63000.0
122,2025-09-30,55,43,6,1,10,6800.0,6120.0
123,2025-01-07,54,32,2,4,10,10000.0,9000.0
124,2025-11-22,59,46,3,4,5,9600.0,9120.0
125,2025-09-25,84,18,10,5,20,6000.0,4800.0
126,2025-08-27,56,47,10,3,10,14697.0,13227.3
127,2025-05-06,12,18,8,2,20,2400.0,1920.0
128,2025-10-19,79,43,7,3,0,20400.0,20400.0
129,2025-09-11,42,12,8,2,10,136000.0,122400.0
130,2025-05-13,44,18,10,3,0,3600.0,3600.0
131,2025-09-22,25,6,4,4,20,288000.0,230400.0
132,2025-10-12,98,16,8,4,20,88000.0,70400.0
133,2025-01-09,12,19,4,4,5,3600.0,3420.0
134,2025-06-06,85,38,6,4,10,76000.0,68400.0
135,2025-08-06,96,36,6,3,20,25500.0,20400.0
136,2025-05-19,40,17,4,1,5,28000.0,26600.0
137,2025-06-11,16,48,9,2,5,3998.0,3798.1
138,2025-04-21,95,31,5,5,10,3500.0,3150.0
139,2025-02-21,25,19,4,3,5,2700.0,2565.0
140,2025-06-04,2,46,9,2,10,4800.0,4320.0
141,2025-01-24,7,36,5,2,20,17000.0,13600.0
142,2025-02-22,2,37,5,4,20,66000.0,52800.0
143,2025-08-14,44,12,1,3,20,204000.0,163200.0
144,2025-02-28,9,26,8,1,0,25000.0,25000.0
145,2025-03-19,20,37,5,1,5,16500.0,15675.0
146,2025-03-02,72,49,7,5,5,9000.0,8550.0
147,2025-09-25,49,29,8,3,15,9600.0,8160.0
148,2025-06-06,73,40,1,5,0,16000.0,16000.0
149,2025-04-17,81,14,5,1,5,37000.0,35150.0
150,2025-05-03,23,36,2,2,0,17000.0,17000.0
151,2025-07-29,58,45,10,4,10,20800.0,18720.0
152,2025-01-17,30,19,5,4,0,3600.0,3600.0
153,2025-12-18,30,17,10,2,15,56000.0,47600.0
154,2025-02-28,70,15,3,3,5,43500.0,41325.0
155,2025-02-06,8,11,5,5,10,210000.0,189000.0
156,2025-08-13,16,30,5,4,10,5600.0,5040.0
157,2025-09-14,70,32,8,1,0,2500.0,2500.0
158,2025-08-10,95,21,10,3,0,5400.0,5400.0
159,2025-02-16,30,44,10,5,0,14000.0,14000.0
160,2025-12-11,35,37,1,2,20,33000.0,26400.0
161,2025-09-23,84,29,5,2,15,6400.0,5440.0
162,2025-11-22,63,6,8,3,15,216000.0,183600.0
163,2025-06-20,42,43,2,2,10,13600.0,12240.0
164,2025-07-30,89,32,5,4,0,10000.0,10000.0
165,2025-08-21,12,21,5,3,0,5400.0,5400.0
166,2025-07-26,66,1,9,4,15,260000.0,221000.0
167,2025-01-28,25,34,6,5,20,32500.0,26000.0
168,2025-11-17,57,49,1,2,10,3600.0,3240.0
169,2025-10-09,17,19,8,4,0,3600.0,3600.0
170,2025-01-15,81,39,4,2,10,1800.0,1620.0
171,2025-10-10,2,36,7,1,5,8500.0,8075.0
172,2025-02-28,60,8,3,4,10,280000.0,252000.0
173,2025-09-18,91,18,7,4,20,4800.0,3840.0
174,2025-05-05,59,36,3,4,5,34000.0,32300.0
175,2025-11-03,66,48,3,1,10,1999.0,1799.1
176,2025-08-01,44,33,5,1,10,1800.0,1620.0
177,2025-06-02,76,38,8,2,20,38000.0,30400.0
178,2025-10-03,62,23,6,5,15,150000.0,127500.0
179,2025-08-22,42,13,4,5,15,110000.0,93500.0
180,2025-04-30,100,27,1,3,20,45000.0,36000.0
181,2025-12-28,49,25,3,4,0,8800.0,8800.0
182,2025-03-06,65,38,6,1,20,19000.0,15200.0
183,2025-02-21,68,30,1,2,15,2800.0,2380.0
184,2025-12-02,20,5,8,3,10,168000.0,151200.0
185,2025-11-16,89,26,2,3,15,75000.0,63750.0
186,2025-06-12,81,46,8,5,0,12000.0,12000.0
187,2025-11-13,9,16,5,2,0,44000.0,44000.0
188,2025-08-11,13,49,2,4,5,7200.0,6840.0
189,2025-12-22,39,2,1,3,0,186000.0,186000.0
190,2025-05-31,46,24,7,2,5,15000.0,14250.0
191,2025-09-29,53,37,3,2,5,33000.0,31350.0
192,2025-02-10,79,25,10,2,20,4400.0,3520.0
193,2025-10-26,19,15,8,3,20,43500.0,34800.0
194,2025-05-11,86,1,8,3,5,195000.0,185250.0
195,2025-02-07,57,23,10,3,15,90000.0,76500.0
196,2025-12-20,33,30,5,2,15,2800.0,2380.0
197,2025-09-05,14,16,7,5,10,110000.0,99000.0
198,2025-10-22,38,45,5,1,15,5200.0,4420.0
199,2025-05-21,2,37,1,5,20,82500.0,66000.0
200,2025-05-27,100,15,10,3,5,43500.0,41325.0
201,2025-11-22,25,40,5,2,0,6400.0,6400.0
202,2025-11-18,83,3,5,4,0,216000.0,216000.0
203,2025-10-24,47,47,3,1,10,4899.0,4409.1
204,2025-06-17,96,27,3,2,5,30000.0,28500.0
205,2025-10-04,47,34,9,3,5,19500.0,18525.0
206,2025-05-12,62,19,6,1,20,900.0,720.0
207,2025-02-08,19,49,4,4,10,7200.0,6480.0
208,2025-02-16,51,1,5,5,0,325000.0,325000.0
209,2025-08-21,48,44,5,5,15,14000.0,11900.0
210,2025-11-23,48,7,4,4,0,260000.0,260000.0
211,2025-11-14,72,21,10,2,0,3600.0,3600.0
212,2025-11-22,60,45,5,4,0,20800.0,20800.0
213,2025-03-13,6,3,5,4,0,216000.0,216000.0
214,2025-02-19,31,35,3,4,20,11200.0,8960.0
215,2025-07-09,86,48,9,4,5,7996.0,7596.2
216,2025-08-01,84,7,8,5,15,325000.0,276250.0
217,2025-05-24,5,45,6,2,20,10400.0,8320.0
218,2025-08-16,31,24,2,3,10,22500.0,20250.0
219,2025-02-01,51,18,4,1,20,1200.0,960.0
220,2025-02-16,85,14,10,1,0,37000.0,37000.0
221,2025-06-20,32,9,10,2,0,124000.0,124000.0
222,2025-10-11,27,38,4,2,10,38000.0,34200.0
223,2025-03-17,77,1,5,2,5,130000.0,123500.0
224,2025-10-04,33,12,2,1,5,68000.0,64600.0
225,2025-01-08,46,16,10,3,0,66000.0,66000.0
226,2025-03-31,34,4,3,4,0,232000.0,232000.0
227,2025-02-02,61,29,6,5,0,16000.0,16000.0
228,2025-08-20,65,15,10,1,10,14500.0,13050.0
229,2025-08-23,83,2,1,4,15,248000.0,210800.0
230,2025-08-07,88,7,8,4,0,260000.0,260000.0
231,2025-02-11,42,39,3,1,5,900.0,855.0
232,2025-05-21,80,41,10,5,10,36000.0,32400.0
233,2025-07-15,77,34,5,4,15,26000.0,22100.0
234,2025-02-20,90,8,9,2,15,140000.0,119000.0
235,2025-08-20,30,27,6,4,15,60000.0,51000.0
236,2025-08-01,94,7,6,4,10,260000.0,234000.0
237,2025-12-07,33,24,3,4,0,30000.0,30000.0
238,2025-02-16,11,6,7,1,10,72000.0,64800.0
239,2025-03-08,72,4,10,5,10,290000.0,261000.0
240,2025-12-10,16,27,6,4,0,60000.0,60000.0
241,2025-05-28,77,20,6,1,5,4500.0,4275.0
242,2025-03-21,85,31,4,1,10,700.0,630.0
243,2025-10-12,48,8,5,5,5,350000.0,332500.0
244,2025-08-08,72,50,10,5,0,62500.0,62500.0
245,2025-11-08,85,45,5,1,5,5200.0,4940.0
246,2025-05-20,90,49,5,3,10,5400.0,4860.0
247,2025-01-04,24,10,10,4,0,168000.0,168000.0
248,2025-03-14,95,41,1,1,5,7200.0,6840.0
249,2025-07-12,54,30,6,2,10,2800.0,2520.0
250,2025-06-09,93,21,10,5,0,9000.0,9000.0
251,2025-01-27,20,11,10,1,0,42000.0,42000.0
252,2025-05-20,57,43,7,4,20,27200.0,21760.0
253,2025-08-01,35,14,9,1,10,37000.0,33300.0
254,2025-08-09,15,19,10,4,10,3600.0,3240.0
255,2025-01-24,29,26,10,1,0,25000.0,25000.0
256,2025-04-15,39,14,3,3,10,111000.0,99900.0
257,2025-06-17,16,1,8,4,5,260000.0,247000.0
258,2025-03-08,49,35,4,5,10,14000.0,12600.0
259,2025-02-06,51,48,1,4,0,7996.0,7996.0
260,2025-08-24,10,21,10,4,15,7200.0,6120.0
261,2025-12-30,82,27,5,1,15,15000.0,12750.0
262,2025-01-11,42,11,10,4,10,168000.0,151200.0
263,2025-02-15,56,7,4,4,15,260000.0,221000.0
264,2025-09-26,11,26,5,3,5,75000.0,71250.0
265,2025-06-20,100,11,2,5,0,210000.0,210000.0
266,2025-09-29,66,13,6,3,5,66000.0,62700.0
267,2025-05-01,14,10,5,2,5,84000.0,79800.0
268,2025-11-05,20,49,2,2,20,3600.0,2880.0
269,2025-08-26,97,37,10,4,10,66000.0,59400.0
270,2025-11-18,41,10,8,1,20,42000.0,33600.0
271,2025-08-15,81,20,5,5,0,22500.0,22500.0
272,2025-06-30,65,5,5,4,20,224000.0,179200.0
273,2025-01-20,8,24,5,1,0,7500.0,7500.0
274,2025-11-11,77,33,7,4,0,7200.0,7200.0
275,2025-08-19,74,42,4,3,20,16500.0,13200.0
276,2025-09-14,20,4,8,1,10,58000.0,52200.0
277,2025-02-13,65,42,3,1,5,5500.0,5225.0
278,2025-12-29,57,29,9,5,5,16000.0,15200.0
279,2025-07-06,48,19,7,4,10,3600.0,3240.0
280,2025-12-14,77,4,6,1,10,58000.0,52200.0
281,2025-02-18,72,44,7,3,10,8400.0,7560.0
282,2025-12-03,78,10,6,1,5,42000.0,39900.0
283,2025-06-29,40,42,7,2,0,11000.0,11000.0
284,2025-06-08,72,25,6,2,0,4400.0,4400.0
285,2025-11-27,86,28,9,3,0,4800.0,4800.0
286,2025-07-05,40,12,4,3,20,204000.0,163200.0
287,2025-04-09,29,9,3,1,10,62000.0,55800.0
288,2025-02-21,65,50,9,5,0,62500.0,62500.0
289,2025-12-05,44,50,10,2,15,25000.0,21250.0
290,2025-03-20,21,12,10,2,20,136000.0,108800.0
291,2025-01-23,53,24,4,4,10,30000.0,27000.0
292,2025-08-18,30,35,4,3,20,8400.0,6720.0
293,2025-04-10,48,44,10,4,20,11200.0,8960.0
294,2025-05-25,100,25,9,5,15,11000.0,9350.0
295,2025-03-24,26,39,3,3,0,2700.0,2700.0
296,2025-11-25,62,24,9,1,0,7500.0,7500.0
297,2025-05-26,11,49,3,3,20,5400.0,4320.0
298,2025-09-20,19,28,2,2,20,3200.0,2560.0
299,2025-06-28,4,27,1,4,10,60000.0,54000.0
300,2025-05-01,50,6,6,2,0,144000.0,144000.0
301,2025-06-13,13,46,6,2,5,4800.0,4560.0
302,2025-01-20,37,31,3,4,20,2800.0,2240.0
303,2025-11-12,1,6,1,3,5,216000.0,205200.0
304,2025-03-18,71,47,10,5,15,24495.0,20820.75
305,2025-02-26,100,19,4,3,0,2700.0,2700.0
306,2025-01-25,31,27,10,4,0,60000.0,60000.0
307,2025-02-26,64,39,9,1,5,900.0,855.0
308,2025-03-15,38,28,1,5,10,8000.0,7200.0
309,2025-05-04,74,27,3,1,10,15000.0,13500.0
310,2025-02-04,68,35,9,5,0,14000.0,14000.0
311,2025-07-19,61,3,7,3,10,162000.0,145800.0
312,2025-01-09,46,5,6,2,0,112000.0,112000.0
313,2025-10-25,95,49,6,2,0,3600.0,3600.0
314,2025-06-30,70,22,3,4,20,4400.0,3520.0
315,2025-11-20,24,9,2,4,0,248000.0,248000.0
316,2025-05-31,26,3,4,1,10,54000.0,48600.0
317,2025-06-08,66,26,9,4,10,100000.0,90000.0
318,2025-01-19,97,42,4,3,10,16500.0,14850.0
319,2025-01-25,84,22,5,1,10,1100.0,990.0
320,2025-08-12,52,48,8,4,10,7996.0,7196.4
321,2025-04-06,64,45,8,3,10,15600.0,14040.0
322,2025-02-12,94,28,2,4,5,6400.0,6080.0
323,2025-10-07,38,21,2,1,10,1800.0,1620.0
324,2025-12-05,38,20,8,5,15,22500.0,19125.0
325,2025-03-27,89,29,6,4,0,12800.0,12800.0
326,2025-06-30,79,28,5,1,0,1600.0,1600.0
327,2025-12-10,82,26,6,5,5,125000.0,118750.0
328,2025-01-16,19,39,8,1,5,900.0,855.0
329,2025-02-04,31,50,6,3,15,37500.0,31875.0
330,2025-10-18,5,39,3,4,10,3600.0,3240.0
331,2025-07-10,57,49,2,5,5,9000.0,8550.0
332,2025-09-29,47,26,6,3,5,75000.0,71250.0
333,2025-02-28,4,48,3,4,15,7996.0,6796.6
334,2025-10-15,16,17,5,4,5,112000.0,106400.0
335,2025-11-10,37,45,8,2,0,10400.0,10400.0
336,2025-03-11,10,29,3,4,0,12800.0,12800.0
337,2025-12-16,41,43,6,1,10,6800.0,6120.0
338,2025-06-03,21,46,3,3,5,7200.0,6840.0
339,2025-03-04,26,9,4,4,0,248000.0,248000.0
340,2025-07-04,71,37,6,4,5,66000.0,62700.0
341,2025-11-10,12,5,5,4,20,224000.0,179200.0
342,2025-09-27,53,50,7,5,0,62500.0,62500.0
343,2025-03-06,41,42,2,4,20,22000.0,17600.0
344,2025-12-15,67,23,3,5,5,150000.0,142500.0
345,2025-03-08,56,33,1,1,5,1800.0,1710.0
346,2025-06-05,22,11,6,2,10,84000.0,75600.0
347,2025-09-23,37,6,5,2,10,144000.0,129600.0
348,2025-03-06,81,20,10,5,0,22500.0,22500.0
349,2025-09-15,83,11,10,5,5,210000.0,199500.0
350,2025-03-29,85,40,10,3,0,9600.0,9600.0
351,2025-01-15,11,3,10,3,5,162000.0,153900.0
352,2025-10-20,54,40,1,4,10,12800.0,11520.0
353,2025-11-25,39,31,4,4,10,2800.0,2520.0
354,2025-08-21,10,45,1,2,20,10400.0,8320.0
355,2025-08-01,62,30,4,3,5,4200.0,3990.0
356,2025-06-10,92,21,6,4,5,7200.0,6840.0
357,2025-07-09,66,36,2,3,5,25500.0,24225.0
358,2025-08-27,16,18,8,2,5,2400.0,2280.0
359,2025-02-19,7,19,7,5,15,4500.0,3825.0
360,2025-05-08,21,21,10,3,5,5400.0,5130.0
361,2025-03-23,64,33,8,4,10,7200.0,6480.0
362,2025-09-12,3,6,7,5,20,360000.0,288000.0
363,2025-05-04,28,38,6,1,0,19000.0,19000.0
364,2025-05-25,64,39,8,3,0,2700.0,2700.0
365,2025-02-25,56,9,5,3,15,186000.0,158100.0
366,2025-07-07,6,26,1,5,5,125000.0,118750.0
367,2025-07-05,71,19,2,4,20,3600.0,2880.0
368,2025-10-09,36,40,10,1,5,3200.0,3040.0
369,2025-02-19,51,24,6,5,10,37500.0,33750.0
370,2025-03-15,26,39,9,4,0,3600.0,3600.0
371,2025-01-24,5,9,6,4,20,248000.0,198400.0
372,2025-03-18,78,33,3,3,10,5400.0,4860.0
373,2025-03-25,51,40,5,5,10,16000.0,14400.0
374,2025-09-17,66,35,8,5,10,14000.0,12600.0
375,2025-09-01,3,24,6,1,15,7500.0,6375.0
376,2025-10-26,40,47,1,5,20,24495.0,19596.0
377,2025-05-16,84,50,10,5,5,62500.0,59375.0
378,2025-01-27,75,31,3,5,15,3500.0,2975.0
379,2025-03-17,88,16,1,5,0,110000.0,110000.0
380,2025-04-08,3,29,6,4,5,12800.0,12160.0
381,2025-07-31,89,14,7,5,20,185000.0,148000.0
382,2025-02-01,91,9,9,2,10,124000.0,111600.0
383,2025-12-06,62,34,7,3,5,19500.0,18525.0
384,2025-08-24,69,22,9,3,10,3300.0,2970.0
385,2025-11-09,62,13,4,3,10,66000.0,59400.0
386,2025-04-26,39,50,5,2,20,25000.0,20000.0
387,2025-06-12,62,23,9,3,10,90000.0,81000.0
388,2025-03-04,74,44,9,4,15,11200.0,9520.0
389,2025-06-26,99,10,5,1,10,42000.0,37800.0
390,2025-02-10,45,29,5,4,5,12800.0,12160.0
391,2025-04-14,69,18,9,3,5,3600.0,3420.0
392,2025-02-25,79,48,10,2,5,3998.0,3798.1
393,2025-01-26,86,34,4,2,0,13000.0,13000.0
394,2025-02-21,53,22,8,1,5,1100.0,1045.0
395,2025-01-03,71,11,7,4,20,168000.0,134400.0
396,2025-11-30,26,49,5,3,10,5400.0,4860.0
397,2025-11-27,8,50,2,5,5,62500.0,59375.0
398,2025-10-01,95,47,1,2,15,9798.0,8328.3
399,2025-04-01,5,26,8,2,10,50000.0,45000.0
400,2025-01-20,2,20,10,5,0,22500.0,22500.0
401,2025-06-21,37,30,9,5,20,7000.0,5600.0
402,2025-03-10,65,30,5,2,0,2800.0,2800.0
403,2025-06-19,21,47,8,3,5,14697.0,13962.15
404,2025-01-08,95,22,5,5,5,5500.0,5225.0
405,2025-03-31,79,41,7,4,10,28800.0,25920.0
406,2025-02-14,52,43,2,2,5,13600.0,12920.0
407,2025-09-02,42,16,1,3,15,66000.0,56100.0
408,2025-05-01,58,49,5,3,10,5400.0,4860.0
409,2025-10-26,93,37,1,3,10,49500.0,44550.0
410,2025-12-21,31,4,2,4,10,232000.0,208800.0
411,2025-03-23,52,44,9,3,0,8400.0,8400.0
412,2025-11-24,38,24,10,2,5,15000.0,14250.0
413,2025-03-10,62,10,8,5,10,210000.0,189000.0
414,2025-08-01,90,36,8,5,5,42500.0,40375.0
415,2025-05-07,88,49,10,1,20,1800.0,1440.0
416,2025-09-28,91,24,2,5,0,37500.0,37500.0
417,2025-02-01,71,33,4,5,5,9000.0,8550.0
418,2025-03-26,42,34,8,1,5,6500.0,6175.0
419,2025-10-26,63,6,9,4,0,288000.0,288000.0
420,2025-08-21,17,33,7,4,0,7200.0,7200.0
421,2025-10-14,60,44,5,1,15,2800.0,2380.0
422,2025-05-11,1,48,4,5,0,9995.0,9995.0
423,2025-01-24,55,23,2,5,0,150000.0,150000.0
424,2025-02-05,61,3,5,4,5,216000.0,205200.0
425,2025-03-11,99,42,7,3,15,16500.0,14025.0
426,2025-08-18,49,25,2,5,5,11000.0,10450.0
427,2025-12-01,45,8,3,5,15,350000.0,297500.0
428,2025-09-28,17,47,4,1,0,4899.0,4899.0
429,2025-06-02,60,44,9,4,15,11200.0,9520.0
430,2025-04-28,32,30,6,2,10,2800.0,2520.0
431,2025-04-07,93,49,2,1,15,1800.0,1530.0
432,2025-11-11,99,2,4,2,0,124000.0,124000.0
433,2025-02-21,77,3,8,5,0,270000.0,270000.0
434,2025-05-06,95,3,7,4,5,216000.0,205200.0
435,2025-10-04,28,49,1,2,10,3600.0,3240.0
436,2025-04-30,94,37,6,5,10,82500.0,74250.0
437,2025-05-02,39,10,9,2,15,84000.0,71400.0
438,2025-06-03,36,4,9,5,5,290000.0,275500.0
439,2025-11-17,87,28,9,4,0,6400.0,6400.0
440,2025-06-26,83,43,7,5,10,34000.0,30600.0
441,2025-12-23,54,27,3,3,15,45000.0,38250.0
442,2025-04-05,97,35,8,2,5,5600.0,5320.0
443,2025-06-03,91,10,8,1,15,42000.0,35700.0
444,2025-08-02,72,34,3,4,5,26000.0,24700.0
445,2025-05-11,27,22,2,4,10,4400.0,3960.0
446,2025-02-17,69,47,4,1,10,4899.0,4409.1
447,2025-07-13,87,39,10,1,0,900.0,900.0
448,2025-04-07,98,38,9,2,20,38000.0,30400.0
449,2025-04-17,43,20,1,2,5,9000.0,8550.0
450,2025-03-02,96,49,8,2,5,3600.0,3420.0
451,2025-07-23,31,36,6,3,15,25500.0,21675.0
452,2025-08-27,69,42,6,3,10,16500.0,14850.0
453,2025-07-04,66,32,8,1,20,2500.0,2000.0
454,2025-06-13,27,24,6,4,0,30000.0,30000.0
455,2025-10-16,29,48,3,1,10,1999.0,1799.1
456,2025-10-11,75,38,7,3,5,57000.0,54150.0
457,2025-04-11,43,15,7,5,5,72500.0,68875.0
458,2025-09-13,71,42,6,3,20,16500.0,13200.0
459,2025-11-25,95,32,8,2,10,5000.0,4500.0
460,2025-03-28,18,47,9,4,5,19596.0,18616.2
461,2025-10-05,83,4,9,1,0,58000.0,58000.0
462,2025-12-09,7,49,1,4,5,7200.0,6840.0
463,2025-11-19,30,5,3,1,5,56000.0,53200.0
464,2025-09-16,59,24,1,5,20,37500.0,30000.0
465,2025-12-04,63,2,1,5,15,310000.0,263500.0
466,2025-01-07,3,34,5,5,10,32500.0,29250.0
467,2025-01-09,65,45,7,2,0,10400.0,10400.0
468,2025-02-19,68,10,4,2,10,84000.0,75600.0
469,2025-07-01,35,26,2,3,15,75000.0,63750.0
470,2025-08-24,73,16,4,3,0,66000.0,66000.0
471,2025-12-01,84,49,1,1,15,1800.0,1530.0
472,2025-07-14,49,36,8,1,0,8500.0,8500.0
473,2025-12-26,22,6,8,4,10,288000.0,259200.0
474,2025-10-17,13,34,1,2,5,13000.0,12350.0
475,2025-12-21,73,31,5,1,0,700.0,700.0
476,2025-12-17,36,35,10,1,5,2800.0,2660.0
477,2025-06-11,3,14,10,2,15,74000.0,62900.0
478,2025-02-09,39,11,10,2,15,84000.0,71400.0
479,2025-12-13,70,22,7,2,0,2200.0,2200.0
480,2025-09-14,96,23,1,1,15,30000.0,25500.0
481,2025-04-29,10,22,10,5,15,5500.0,4675.0
482,2025-06-17,4,41,5,4,20,28800.0,23040.0
483,2025-04-27,46,36,7,4,5,34000.0,32300.0
484,2025-12-15,75,43,7,1,10,6800.0,6120.0
485,2025-05-07,92,5,2,3,5,168000.0,159600.0
486,2025-07-14,92,41,3,4,10,28800.0,25920.0
487,2025-07-04,14,6,1,3,20,216000.0,172800.0
488,2025-07-04,98,18,2,2,0,2400.0,2400.0
489,2025-04-06,56,29,9,5,15,16000.0,13600.0
490,2025-02-22,4,6,6,5,0,360000.0,360000.0
491,2025-11-02,77,21,7,1,10,1800.0,1620.0
492,2025-07-31,50,50,2,5,5,62500.0,59375.0
493,2025-10-20,67,11,7,2,5,84000.0,79800.0
494,2025-05-18,39,18,8,2,0,2400.0,2400.0
495,2025-03-27,56,18,7,3,20,3600.0,2880.0
496,2025-02-09,47,17,4,4,5,112000.0,106400.0
497,2025-08-23,14,9,5,1,15,62000.0,52700.0
498,2025-06-20,80,25,6,4,10,8800.0,7920.0
499,2025-08-09,84,39,3,3,10,2700.0,2430.0
500,2025-11-05,89,13,8,3,5,66000.0,62700.0
501,2025-07-23,41,19,8,5,5,4500.0,4275.0
502,2025-06-16,49,18,7,3,0,3600.0,3600.0
503,2025-10-16,26,38,9,2,0,38000.0,38000.0
504,2025-08-25,91,14,8,3,0,111000.0,111000.0
505,2025-07-29,87,32,3,3,5,7500.0,7125.0
506,2025-05-10,85,10,7,4,0,168000.0,168000.0
507,2025-08-18,77,31,10,4,15,2800.0,2380.0
508,2025-10-06,5,24,9,5,0,37500.0,37500.0
509,2025-02-25,99,16,6,2,0,44000.0,44000.0
510,2025-10-16,83,44,7,3,15,8400.0,7140.0
511,2025-02-24,2,7,5,2,5,130000.0,123500.0
512,2025-08-17,48,26,8,5,5,125000.0,118750.0
513,2025-06-26,4,31,2,3,15,2100.0,1785.0
514,2025-02-13,15,47,3,3,10,14697.0,13227.3
515,2025-06-25,59,14,9,4,10,148000.0,133200.0
516,2025-09-01,13,29,8,3,0,9600.0,9600.0
517,2025-06-03,6,46,2,1,10,2400.0,2160.0
518,2025-11-28,14,44,3,2,5,5600.0,5320.0
519,2025-10-10,21,22,9,4,20,4400.0,3520.0
520,2025-04-29,52,41,3,2,15,14400.0,12240.0
521,2025-07-22,4,48,10,2,20,3998.0,3198.4
522,2025-10-31,55,25,1,2,5,4400.0,4180.0
523,2025-05-23,97,46,2,5,0,12000.0,12000.0
524,2025-10-02,24,24,6,2,20,15000.0,12000.0
525,2025-02-28,34,43,8,5,10,34000.0,30600.0
526,2025-11-02,50,40,7,5,0,16000.0,16000.0
527,2025-06-28,46,30,10,2,10,2800.0,2520.0
528,2025-11-11,76,6,3,3,0,216000.0,216000.0
529,2025-05-03,40,8,3,3,5,210000.0,199500.0
530,2025-09-19,50,27,10,2,15,30000.0,25500.0
531,2025-08-05,24,32,9,2,5,5000.0,4750.0
532,2025-09-08,37,9,3,3,20,186000.0,148800.0
533,2025-11-14,7,23,1,4,5,120000.0,114000.0
534,2025-04-10,50,36,9,4,15,34000.0,28900.0
535,2025-12-17,63,27,8,4,5,60000.0,57000.0
536,2025-02-12,73,2,4,3,0,186000.0,186000.0
537,2025-05-21,29,35,5,2,20,5600.0,4480.0
538,2025-10-17,96,50,8,5,0,62500.0,62500.0
539,2025-10-21,15,18,9,3,0,3600.0,3600.0
540,2025-08-14,70,14,7,1,5,37000.0,35150.0
541,2025-06-02,5,29,5,3,0,9600.0,9600.0
542,2025-08-13,16,50,4,2,10,25000.0,22500.0
543,2025-12-30,79,41,7,2,5,14400.0,13680.0
544,2025-04-16,27,4,10,3,10,174000.0,156600.0
545,2025-11-02,69,11,6,3,10,126000.0,113400.0
546,2025-10-21,35,33,2,2,15,3600.0,3060.0
547,2025-01-31,36,42,3,2,5,11000.0,10450.0
548,2025-03-16,92,21,4,4,20,7200.0,5760.0
549,2025-03-14,74,41,5,4,15,28800.0,24480.0
550,2025-08-20,10,41,2,4,10,28800.0,25920.0
551,2025-12-22,48,30,8,3,0,4200.0,4200.0
552,2025-02-17,94,30,6,1,15,1400.0,1190.0
553,2025-04-22,55,14,8,3,10,111000.0,99900.0
554,2025-05-26,44,36,10,2,20,17000.0,13600.0
555,2025-06-25,88,49,1,1,0,1800.0,1800.0
556,2025-11-17,59,2,2,2,20,124000.0,99200.0
557,2025-08-22,1,28,4,2,10,3200.0,2880.0
558,2025-03-23,36,6,6,3,0,216000.0,216000.0
559,2025-07-10,86,42,3,1,15,5500.0,4675.0
560,2025-11-17,40,47,4,4,0,19596.0,19596.0
561,2025-12-27,13,1,4,4,0,260000.0,260000.0
562,2025-03-09,76,15,9,4,0,58000.0,58000.0
563,2025-01-05,90,22,2,4,5,4400.0,4180.0
564,2025-09-02,10,15,7,1,0,14500.0,14500.0
565,2025-02-22,41,24,5,2,15,15000.0,12750.0
566,2025-03-10,83,44,3,1,0,2800.0,2800.0
567,2025-11-09,84,11,8,3,5,126000.0,119700.0
568,2025-11-18,96,10,7,5,20,210000.0,168000.0
569,2025-04-22,12,7,3,1,15,65000.0,55250.0
570,2025-06-29,55,21,3,2,10,3600.0,3240.0
571,2025-11-27,11,16,9,5,10,110000.0,99000.0
572,2025-12-20,4,43,5,2,5,13600.0,12920.0
573,2025-07-20,38,42,1,2,20,11000.0,8800.0
574,2025-07-17,15,16,8,5,0,110000.0,110000.0
575,2025-09-28,2,24,6,2,15,15000.0,12750.0
576,2025-10-19,54,24,9,2,20,15000.0,12000.0
577,2025-02-07,3,38,2,1,10,19000.0,17100.0
578,2025-04-21,6,4,7,5,10,290000.0,261000.0
579,2025-11-18,92,33,7,4,15,7200.0,6120.0
580,2025-02-12,82,35,9,5,5,14000.0,13300.0
581,2025-05-23,11,20,2,5,5,22500.0,21375.0
582,2025-03-21,69,21,7,5,0,9000.0,9000.0
583,2025-06-08,90,28,4,1,5,1600.0,1520.0
584,2025-02-14,56,8,8,5,0,350000.0,350000.0
585,2025-06-08,86,48,3,1,0,1999.0,1999.0
586,2025-12-29,18,45,1,2,20,10400.0,8320.0
587,2025-06-27,67,34,5,2,10,13000.0,11700.0
588,2025-03-06,96,50,5,1,0,12500.0,12500.0
589,2025-06-21,55,18,9,1,10,1200.0,1080.0
590,2025-12-31,74,41,2,4,20,28800.0,23040.0
591,2025-09-19,47,4,8,5,5,290000.0,275500.0
592,2025-07-08,21,17,2,5,0,140000.0,140000.0
593,2025-04-27,95,33,1,1,0,1800.0,1800.0
594,2025-05-06,6,31,6,4,5,2800.0,2660.0
595,2025-04-02,5,36,7,2,10,17000.0,15300.0
596,2025-05-08,54,47,6,3,0,14697.0,14697.0
597,2025-10-20,48,8,9,1,5,70000.0,66500.0
598,2025-04-25,67,3,7,1,20,54000.0,43200.0
599,2025-05-25,100,20,6,1,20,4500.0,3600.0
600,2025-01-05,48,13,5,5,10,110000.0,99000.0
601,2025-11-15,32,30,6,5,20,7000.0,5600.0
602,2025-04-11,94,35,4,2,0,5600.0,5600.0
603,2025-07-29,4,15,9,3,0,43500.0,43500.0
604,2025-06-21,1,49,7,3,0,5400.0,5400.0
605,2025-04-16,68,16,7,4,0,88000.0,88000.0
606,2025-03-14,92,18,2,1,5,1200.0,1140.0
607,2025-09-24,53,45,6,4,0,20800.0,20800.0
608,2025-10-25,13,33,3,4,0,7200.0,7200.0
609,2025-10-31,73,4,7,2,5,116000.0,110200.0
610,2025-05-30,34,21,7,3,10,5400.0,4860.0
611,2025-08-20,35,15,2,2,5,29000.0,27550.0
612,2025-10-27,14,10,2,2,20,84000.0,67200.0
613,2025-08-27,41,27,2,5,10,75000.0,67500.0
614,2025-04-17,58,20,8,3,0,13500.0,13500.0
615,2025-02-16,21,44,5,5,0,14000.0,14000.0
616,2025-04-21,42,10,2,2,10,84000.0,75600.0
617,2025-07-22,66,4,5,3,5,174000.0,165300.0
618,2025-01-16,52,29,9,5,5,16000.0,15200.0
619,2025-02-18,60,7,3,1,0,65000.0,65000.0
620,2025-02-01,100,15,3,2,15,29000.0,24650.0
621,2025-07-10,88,41,2,5,10,36000.0,32400.0
622,2025-02-08,3,5,4,4,5,224000.0,212800.0
623,2025-02-17,43,8,1,4,0,280000.0,280000.0
624,2025-03-28,74,28,7,4,0,6400.0,6400.0
625,2025-07-15,88,28,3,3,5,4800.0,4560.0
626,2025-04-06,36,18,8,2,0,2400.0,2400.0
627,2025-11-11,80,40,4,3,20,9600.0,7680.0
628,2025-07-30,71,31,1,1,10,700.0,630.0
629,2025-07-16,18,27,4,5,5,75000.0,71250.0
630,2025-11-19,70,2,7,3,20,186000.0,148800.0
631,2025-10-06,63,23,10,5,10,150000.0,135000.0
632,2025-07-18,35,12,1,3,5,204000.0,193800.0
633,2025-01-16,100,18,1,4,10,4800.0,4320.0
634,2025-10-27,30,11,2,2,5,84000.0,79800.0
635,2025-05-17,69,48,1,2,15,3998.0,3398.3
636,2025-07-01,23,12,4,5,10,340000.0,306000.0
637,2025-12-24,46,38,1,3,5,57000.0,54150.0
638,2025-10-16,25,32,9,3,5,7500.0,7125.0
639,2025-09-09,5,6,1,2,5,144000.0,136800.0
640,2025-01-11,68,31,1,3,5,2100.0,1995.0
641,2025-03-08,44,46,3,3,0,7200.0,7200.0
642,2025-01-12,19,38,3,1,10,19000.0,17100.0
643,2025-02-07,48,46,7,5,0,12000.0,12000.0
644,2025-06-22,39,21,3,2,15,3600.0,3060.0
645,2025-11-24,63,42,6,2,10,11000.0,9900.0
646,2025-04-25,86,38,3,4,10,76000.0,68400.0
647,2025-12-19,38,9,3,1,15,62000.0,52700.0
648,2025-10-18,5,12,10,3,5,204000.0,193800.0
649,2025-11-24,73,7,8,2,10,130000.0,117000.0
650,2025-02-09,31,23,6,2,0,60000.0,60000.0
651,2025-12-29,86,41,6,4,0,28800.0,28800.0
652,2025-05-16,27,16,2,3,10,66000.0,59400.0
653,2025-02-25,93,1,1,4,20,260000.0,208000.0
654,2025-08-03,22,27,8,4,10,60000.0,54000.0
655,2025-10-07,49,7,8,5,5,325000.0,308750.0
656,2025-03-25,58,5,1,3,0,168000.0,168000.0
657,2025-06-13,34,7,2,3,5,195000.0,185250.0
658,2025-07-12,21,47,2,5,0,24495.0,24495.0
659,2025-06-23,77,40,8,1,15,3200.0,2720.0
660,2025-12-01,22,39,7,2,0,1800.0,1800.0
661,2025-02-21,43,14,4,4,10,148000.0,133200.0
662,2025-12-05,37,20,4,1,0,4500.0,4500.0
663,2025-07-21,74,36,8,2,0,17000.0,17000.0
664,2025-07-04,1,28,2,3,20,4800.0,3840.0
665,2025-04-13,13,2,4,2,10,124000.0,111600.0
666,2025-02-11,61,8,5,4,20,280000.0,224000.0
667,2025-09-08,85,17,2,5,15,140000.0,119000.0
668,2025-04-05,48,25,6,2,20,4400.0,3520.0
669,2025-01-23,34,29,8,3,5,9600.0,9120.0
670,2025-05-18,73,4,3,1,0,58000.0,58000.0
671,2025-12-09,45,35,7,5,5,14000.0,13300.0
672,2025-10-11,8,25,9,4,20,8800.0,7040.0
673,2025-10-21,31,31,5,1,15,700.0,595.0
674,2025-01-18,65,37,9,5,5,82500.0,78375.0
675,2025-03-03,97,29,3,2,5,6400.0,6080.0
676,2025-04-09,17,3,7,1,15,54000.0,45900.0
677,2025-04-14,81,10,10,3,10,126000.0,113400.0
678,2025-02-04,12,25,9,4,10,8800.0,7920.0
679,2025-05-22,67,30,1,5,15,7000.0,5950.0
680,2025-02-27,54,10,3,5,0,210000.0,210000.0
681,2025-02-24,73,50,2,3,10,37500.0,33750.0
682,2025-07-30,34,25,8,5,20,11000.0,8800.0
683,2025-01-20,23,18,7,2,15,2400.0,2040.0
684,2025-01-20,51,22,4,1,20,1100.0,880.0
685,2025-05-18,48,2,6,3,10,186000.0,167400.0
686,2025-05-24,63,45,2,2,5,10400.0,9880.0
687,2025-06-03,96,29,6,3,15,9600.0,8160.0
688,2025-11-06,83,6,4,4,5,288000.0,273600.0
689,2025-07-28,95,32,9,3,0,7500.0,7500.0
690,2025-09-21,21,5,5,5,15,280000.0,238000.0
691,2025-03-11,100,34,10,1,5,6500.0,6175.0
692,2025-04-09,26,4,4,1,20,58000.0,46400.0
693,2025-01-26,47,46,4,3,10,7200.0,6480.0
694,2025-08-26,65,26,2,1,5,25000.0,23750.0
695,2025-07-10,63,39,8,2,20,1800.0,1440.0
696,2025-10-28,71,23,6,2,10,60000.0,54000.0
697,2025-12-19,12,19,1,4,0,3600.0,3600.0
698,2025-03-25,74,50,4,2,5,25000.0,23750.0
699,2025-12-13,27,18,7,5,0,6000.0,6000.0
700,2025-12-16,2,31,3,2,0,1400.0,1400.0
701,2025-04-25,33,39,5,3,15,2700.0,2295.0
702,2025-07-12,45,30,5,2,20,2800.0,2240.0
703,2025-06-04,87,34,10,4,0,26000.0,26000.0
704,2025-01-04,66,43,6,5,10,34000.0,30600.0
705,2025-06-02,88,7,8,1,10,65000.0,58500.0
706,2025-05-22,82,21,5,3,10,5400.0,4860.0
707,2025-04-07,20,34,4,1,15,6500.0,5525.0
708,2025-12-05,41,44,3,1,20,2800.0,2240.0
709,2025-06-01,34,27,7,4,0,60000.0,60000.0
710,2025-10-26,91,37,4,3,5,49500.0,47025.0
711,2025-12-18,69,41,8,3,10,21600.0,19440.0
712,2025-03-29,85,36,3,3,0,25500.0,25500.0
713,2025-08-30,17,48,5,5,5,9995.0,9495.25
714,2025-12-15,43,42,2,2,10,11000.0,9900.0
715,2025-04-25,96,20,7,3,10,13500.0,12150.0
716,2025-05-14,75,19,8,1,20,900.0,720.0
717,2025-01-28,82,38,10,5,0,95000.0,95000.0
718,2025-08-30,25,33,2,4,10,7200.0,6480.0
719,2025-07-31,7,10,3,2,10,84000.0,75600.0
720,2025-07-29,73,30,3,3,5,4200.0,3990.0
721,2025-02-11,63,22,3,3,0,3300.0,3300.0
722,2025-01-03,58,18,4,2,5,2400.0,2280.0
723,2025-09-08,98,50,2,2,15,25000.0,21250.0
724,2025-11-21,55,26,7,4,15,100000.0,85000.0
725,2025-01-03,5,35,4,3,0,8400.0,8400.0
726,2025-06-14,97,34,4,1,0,6500.0,6500.0
727,2025-11-17,94,16,4,3,10,66000.0,59400.0
728,2025-03-08,14,25,9,5,10,11000.0,9900.0
729,2025-03-27,9,3,5,3,20,162000.0,129600.0
730,2025-09-24,77,34,6,4,5,26000.0,24700.0
731,2025-06-25,63,23,4,2,15,60000.0,51000.0
732,2025-01-10,30,15,3,2,0,29000.0,29000.0
733,2025-10-29,65,11,2,3,0,126000.0,126000.0
734,2025-07-12,82,17,9,5,0,140000.0,140000.0
735,2025-11-01,7,43,2,1,0,6800.0,6800.0
736,2025-12-20,15,27,8,4,0,60000.0,60000.0
737,2025-10-08,33,31,3,2,0,1400.0,1400.0
738,2025-06-04,54,43,2,5,10,34000.0,30600.0
739,2025-11-15,78,45,3,4,0,20800.0,20800.0
740,2025-09-19,93,40,2,3,0,9600.0,9600.0
741,2025-02-24,64,13,10,2,10,44000.0,39600.0
742,2025-09-25,26,23,7,3,5,90000.0,85500.0
743,2025-01-21,71,32,4,4,10,10000.0,9000.0
744,2025-05-01,1,1,2,1,20,65000.0,52000.0
745,2025-03-18,12,50,9,1,0,12500.0,12500.0
746,2025-05-12,83,15,8,3,10,43500.0,39150.0
747,2025-08-26,7,7,3,1,10,65000.0,58500.0
748,2025-07-04,87,21,7,1,0,1800.0,1800.0
749,2025-01-24,2,9,3,3,10,186000.0,167400.0
750,2025-08-13,80,18,2,3,10,3600.0,3240.0
751,2025-04-04,15,26,7,4,10,100000.0,90000.0
752,2025-07-17,89,31,7,2,0,1400.0,1400.0
753,2025-03-09,90,47,1,2,0,9798.0,9798.0
754,2025-08-02,76,31,10,4,5,2800.0,2660.0
755,2025-11-09,49,50,6,5,0,62500.0,62500.0
756,2025-12-17,94,9,8,4,0,248000.0,248000.0
757,2025-07-30,57,3,2,3,10,162000.0,145800.0
758,2025-01-07,91,44,9,5,5,14000.0,13300.0
759,2025-12-09,44,34,9,5,0,32500.0,32500.0
760,2025-08-10,85,47,4,4,10,19596.0,17636.4
761,2025-12-06,87,42,7,2,0,11000.0,11000.0
762,2025-01-06,83,11,9,4,20,168000.0,134400.0
763,2025-03-26,10,49,8,3,5,5400.0,5130.0
764,2025-06-19,36,4,9,2,15,116000.0,98600.0
765,2025-07-26,31,6,8,4,20,288000.0,230400.0
766,2025-02-15,64,29,6,1,20,3200.0,2560.0
767,2025-12-01,3,7,7,4,0,260000.0,260000.0
768,2025-10-13,71,1,2,5,10,325000.0,292500.0
769,2025-09-18,72,14,8,3,10,111000.0,99900.0
770,2025-01-28,29,30,6,5,20,7000.0,5600.0
771,2025-12-03,47,46,8,1,0,2400.0,2400.0
772,2025-12-04,29,1,6,3,10,195000.0,175500.0
773,2025-10-08,67,24,2,1,5,7500.0,7125.0
774,2025-09-10,18,46,7,1,10,2400.0,2160.0
775,2025-11-09,26,13,2,4,5,88000.0,83600.0
776,2025-08-23,25,46,6,1,15,2400.0,2040.0
777,2025-01-24,82,44,10,1,20,2800.0,2240.0
778,2025-08-23,85,38,9,2,20,38000.0,30400.0
779,2025-01-03,68,48,1,5,15,9995.0,8495.75
780,2025-10-27,62,33,3,5,5,9000.0,8550.0
781,2025-03-07,14,25,10,5,10,11000.0,9900.0
782,2025-09-16,50,27,10,2,10,30000.0,27000.0
783,2025-07-23,44,19,8,2,5,1800.0,1710.0
784,2025-07-31,78,45,9,3,10,15600.0,14040.0
785,2025-12-31,95,36,4,2,5,17000.0,16150.0
786,2025-11-16,92,19,6,2,5,1800.0,1710.0
787,2025-09-15,70,45,6,1,10,5200.0,4680.0
788,2025-10-15,62,38,10,4,10,76000.0,68400.0
789,2025-08-05,2,34,2,1,15,6500.0,5525.0
790,2025-03-16,7,43,1,2,10,13600.0,12240.0
791,2025-03-24,37,44,5,2,0,5600.0,5600.0
792,2025-12-20,38,14,9,1,10,37000.0,33300.0
793,2025-08-20,14,40,9,2,15,6400.0,5440.0
794,2025-05-02,66,45,5,1,15,5200.0,4420.0
795,2025-07-18,54,44,6,5,0,14000.0,14000.0
796,2025-01-07,96,17,4,5,20,140000.0,112000.0
797,2025-04-26,82,46,6,5,5,12000.0,11400.0
798,2025-04-10,38,29,3,1,5,3200.0,3040.0
799,2025-03-30,95,33,2,4,0,7200.0,7200.0
800,2025-08-08,36,36,5,2,5,17000.0,16150.0
801,2025-10-27,33,1,6,4,5,260000.0,247000.0
802,2025-01-21,20,21,10,1,10,1800.0,1620.0
803,2025-09-09,74,36,6,1,10,8500.0,7650.0
804,2025-09-27,29,12,9,1,5,68000.0,64600.0
805,2025-08-01,70,35,7,1,10,2800.0,2520.0
806,2025-04-24,28,43,6,3,10,20400.0,18360.0
807,2025-05-31,28,49,10,5,20,9000.0,7200.0
808,2025-10-15,97,42,1,1,10,5500.0,4950.0
809,2025-08-17,31,42,10,5,5,27500.0,26125.0
810,2025-01-21,88,21,7,1,15,1800.0,1530.0
811,2025-05-12,70,47,5,1,10,4899.0,4409.1
812,2025-09-21,66,29,8,1,10,3200.0,2880.0
813,2025-11-30,25,21,9,1,0,1800.0,1800.0
814,2025-03-27,99,35,9,1,0,2800.0,2800.0
815,2025-04-18,86,41,4,4,0,28800.0,28800.0
816,2025-04-16,69,45,7,1,5,5200.0,4940.0
817,2025-01-13,59,46,6,1,0,2400.0,2400.0
818,2025-02-07,7,12,5,5,0,340000.0,340000.0
819,2025-10-22,30,17,7,4,20,112000.0,89600.0
820,2025-11-19,52,28,6,1,15,1600.0,1360.0
821,2025-12-11,16,35,1,5,0,14000.0,14000.0
822,2025-10-27,6,45,2,3,0,15600.0,15600.0
823,2025-05-29,88,20,10,1,10,4500.0,4050.0
824,2025-08-13,49,26,1,4,5,100000.0,95000.0
825,2025-10-01,29,9,7,5,10,310000.0,279000.0
826,2025-11-21,19,20,6,1,5,4500.0,4275.0
827,2025-03-05,6,1,10,5,15,325000.0,276250.0
828,2025-10-03,71,6,5,2,10,144000.0,129600.0
829,2025-04-19,53,42,9,2,5,11000.0,10450.0
830,2025-04-05,29,40,5,2,0,6400.0,6400.0
831,2025-04-03,86,37,1,5,20,82500.0,66000.0
832,2025-11-27,71,5,5,1,10,56000.0,50400.0
833,2025-02-20,26,47,10,4,10,19596.0,17636.4
834,2025-07-02,17,43,4,1,10,6800.0,6120.0
835,2025-11-14,9,13,6,4,20,88000.0,70400.0
836,2025-06-18,79,43,5,5,5,34000.0,32300.0
837,2025-10-17,73,24,6,4,5,30000.0,28500.0
838,2025-01-03,41,16,4,4,10,88000.0,79200.0
839,2025-07-04,18,44,6,4,20,11200.0,8960.0
840,2025-08-17,46,50,5,4,0,50000.0,50000.0
841,2025-03-31,83,39,2,3,5,2700.0,2565.0
842,2025-10-03,26,17,2,1,0,28000.0,28000.0
843,2025-09-17,81,2,10,5,15,310000.0,263500.0
844,2025-10-30,28,3,9,3,20,162000.0,129600.0
845,2025-12-01,100,10,6,4,5,168000.0,159600.0
846,2025-10-29,94,19,3,4,0,3600.0,3600.0
847,2025-07-23,47,33,1,2,5,3600.0,3420.0
848,2025-09-21,18,29,3,2,5,6400.0,6080.0
849,2025-09-05,46,3,4,4,5,216000.0,205200.0
850,2025-02-02,34,24,4,1,5,7500.0,7125.0
851,2025-09-23,47,25,8,4,0,8800.0,8800.0
852,2025-01-21,84,21,2,5,10,9000.0,8100.0
853,2025-05-15,75,35,10,2,15,5600.0,4760.0
854,2025-12-01,49,24,10,1,10,7500.0,6750.0
855,2025-07-12,29,34,7,3,10,19500.0,17550.0
856,2025-09-07,62,39,1,5,5,4500.0,4275.0
857,2025-08-14,22,15,2,5,10,72500.0,65250.0
858,2025-04-19,20,12,3,3,0,204000.0,204000.0
859,2025-12-05,30,27,6,1,20,15000.0,12000.0
860,2025-12-12,62,31,4,5,5,3500.0,3325.0
861,2025-11-28,53,2,4,1,5,62000.0,58900.0
862,2025-10-21,76,11,3,5,0,210000.0,210000.0
863,2025-10-21,19,4,3,3,5,174000.0,165300.0
864,2025-09-22,52,39,10,1,10,900.0,810.0
865,2025-02-13,28,29,10,4,20,12800.0,10240.0
866,2025-03-29,29,27,10,2,5,30000.0,28500.0
867,2025-11-16,85,33,5,2,10,3600.0,3240.0
868,2025-08-21,77,38,2,2,15,38000.0,32300.0
869,2025-07-17,17,7,1,2,15,130000.0,110500.0
870,2025-03-18,78,7,3,4,0,260000.0,260000.0
871,2025-09-30,65,49,2,1,20,1800.0,1440.0
872,2025-12-04,17,39,9,1,15,900.0,765.0
873,2025-09-25,54,24,1,5,15,37500.0,31875.0
874,2025-04-28,62,50,7,3,0,37500.0,37500.0
875,2025-08-06,18,17,8,2,0,56000.0,56000.0
876,2025-05-26,77,35,7,3,5,8400.0,7980.0
877,2025-01-03,91,48,1,5,0,9995.0,9995.0
878,2025-09-24,1,25,4,3,15,6600.0,5610.0
879,2025-07-05,14,10,7,5,10,210000.0,189000.0
880,2025-05-14,69,28,10,3,10,4800.0,4320.0
881,2025-12-15,51,49,4,4,20,7200.0,5760.0
882,2025-04-02,48,36,9,4,10,34000.0,30600.0
883,2025-06-07,74,23,7,2,0,60000.0,60000.0
884,2025-04-28,58,45,3,1,5,5200.0,4940.0
885,2025-09-18,52,22,9,5,0,5500.0,5500.0
886,2025-03-24,50,41,1,1,5,7200.0,6840.0
887,2025-08-30,77,28,2,1,10,1600.0,1440.0
888,2025-04-24,48,6,10,1,15,72000.0,61200.0
889,2025-07-25,79,42,9,3,0,16500.0,16500.0
890,2025-03-31,82,32,8,1,5,2500.0,2375.0
891,2025-12-03,67,19,4,1,5,900.0,855.0
892,2025-11-11,22,44,1,3,5,8400.0,7980.0
893,2025-12-02,1,11,2,3,15,126000.0,107100.0
894,2025-06-30,86,26,7,5,5,125000.0,118750.0
895,2025-09-23,2,48,2,1,10,1999.0,1799.1
896,2025-10-14,75,23,6,3,5,90000.0,85500.0
897,2025-11-07,25,30,7,5,0,7000.0,7000.0
898,2025-05-14,23,27,9,1,0,15000.0,15000.0
899,2025-09-15,38,22,2,5,10,5500.0,4950.0
900,2025-10-03,74,17,8,4,20,112000.0,89600.0
901,2025-05-05,97,22,8,4,0,4400.0,4400.0
902,2025-09-04,15,17,2,4,5,112000.0,106400.0
903,2025-12-13,90,15,6,4,10,58000.0,52200.0
904,2025-09-22,69,1,5,2,10,130000.0,117000.0
905,2025-02-17,52,44,6,1,5,2800.0,2660.0
906,2025-09-01,41,23,4,5,10,150000.0,135000.0
907,2025-04-04,96,44,4,4,5,11200.0,10640.0
908,2025-05-01,95,16,5,2,5,44000.0,41800.0
909,2025-04-14,32,40,6,2,0,6400.0,6400.0
910,2025-03-03,11,44,8,5,0,14000.0,14000.0
911,2025-10-05,6,31,6,5,10,3500.0,3150.0
912,2025-09-10,74,18,8,2,10,2400.0,2160.0
913,2025-07-23,29,49,10,2,0,3600.0,3600.0
914,2025-09-27,55,31,9,1,10,700.0,630.0
915,2025-07-21,88,50,3,4,0,50000.0,50000.0
916,2025-12-24,67,30,6,1,0,1400.0,1400.0
917,2025-12-12,27,25,10,1,10,2200.0,1980.0
918,2025-07-05,79,17,3,5,10,140000.0,126000.0
919,2025-05-02,35,31,10,3,10,2100.0,1890.0
920,2025-04-05,64,28,4,4,10,6400.0,5760.0
921,2025-07-06,52,18,8,2,5,2400.0,2280.0
922,2025-10-22,88,15,2,3,5,43500.0,41325.0
923,2025-10-12,56,25,4,2,5,4400.0,4180.0
924,2025-08-31,2,12,7,4,5,272000.0,258400.0
925,2025-11-19,67,35,6,4,10,11200.0,10080.0
926,2025-05-09,72,37,1,4,0,66000.0,66000.0
927,2025-12-20,21,4,4,3,20,174000.0,139200.0
928,2025-11-19,13,29,6,3,10,9600.0,8640.0
929,2025-07-04,72,36,5,3,0,25500.0,25500.0
930,2025-07-30,16,23,10,2,5,60000.0,57000.0
931,2025-05-26,46,21,9,4,20,7200.0,5760.0
932,2025-02-10,49,40,5,4,5,12800.0,12160.0
933,2025-03-27,82,22,7,5,15,5500.0,4675.0
934,2025-02-06,11,11,6,2,10,84000.0,75600.0
935,2025-06-12,84,19,5,5,15,4500.0,3825.0
936,2025-05-19,57,50,6,5,20,62500.0,50000.0
937,2025-07-31,22,12,1,2,5,136000.0,129200.0
938,2025-12-05,33,48,2,2,5,3998.0,3798.1
939,2025-07-23,14,7,2,4,0,260000.0,260000.0
940,2025-01-14,99,26,9,1,0,25000.0,25000.0
941,2025-05-15,80,10,2,4,10,168000.0,151200.0
942,2025-04-28,32,48,5,4,5,7996.0,7596.2
943,2025-03-09,68,11,1,1,10,42000.0,37800.0
944,2025-06-16,61,30,9,3,20,4200.0,3360.0
945,2025-03-11,90,35,3,5,20,14000.0,11200.0
946,2025-11-20,96,41,10,4,10,28800.0,25920.0
947,2025-06-27,62,35,4,1,20,2800.0,2240.0
948,2025-06-07,47,27,5,2,10,30000.0,27000.0
949,2025-01-06,1,34,3,3,10,19500.0,17550.0
950,2025-08-29,69,1,8,4,10,260000.0,234000.0
951,2025-01-05,99,28,5,5,5,8000.0,7600.0
952,2025-01-04,71,24,4,4,15,30000.0,25500.0
953,2025-07-22,32,11,7,4,5,168000.0,159600.0
954,2025-05-15,11,28,4,5,10,8000.0,7200.0
955,2025-05-26,84,48,9,3,15,5997.0,5097.45
956,2025-04-07,9,12,3,3,0,204000.0,204000.0
957,2025-11-23,59,40,8,3,20,9600.0,7680.0
958,2025-04-07,42,2,3,1,0,62000.0,62000.0
959,2025-04-06,14,19,5,2,20,1800.0,1440.0
960,2025-01-05,30,6,3,1,20,72000.0,57600.0
961,2025-04-22,44,27,5,4,10,60000.0,54000.0
962,2025-08-26,90,3,6,1,5,54000.0,51300.0
963,2025-01-29,35,50,7,1,20,12500.0,10000.0
964,2025-04-03,25,17,7,1,0,28000.0,28000.0
965,2025-05-08,50,50,8,2,0,25000.0,25000.0
966,2025-04-12,59,48,2,5,5,9995.0,9495.25
967,2025-08-31,50,44,5,3,5,8400.0,7980.0
968,2025-11-19,94,3,9,5,0,270000.0,270000.0
969,2025-05-10,62,41,5,2,10,14400.0,12960.0
970,2025-01-27,86,14,2,2,15,74000.0,62900.0
971,2025-06-16,2,11,5,5,0,210000.0,210000.0
972,2025-07-22,32,1,1,5,20,325000.0,260000.0
973,2025-12-19,77,10,6,1,5,42000.0,39900.0
974,2025-03-22,64,6,10,3,0,216000.0,216000.0
975,2025-01-31,46,42,3,5,0,27500.0,27500.0
976,2025-03-06,63,15,6,5,10,72500.0,65250.0
977,2025-08-13,94,13,1,4,10,88000.0,79200.0
978,2025-03-10,33,3,8,4,10,216000.0,194400.0
979,2025-10-05,90,32,4,5,5,12500.0,11875.0
980,2025-10-06,45,21,8,3,5,5400.0,5130.0
981,2025-02-05,68,10,8,3,10,126000.0,113400.0
982,2025-10-05,47,30,1,5,15,7000.0,5950.0
983,2025-04-05,3,40,6,5,5,16000.0,15200.0
984,2025-06-14,93,5,9,4,5,224000.0,212800.0
985,2025-09-26,88,32,9,2,10,5000.0,4500.0
986,2025-06-15,53,42,6,1,0,5500.0,5500.0
987,2025-09-25,85,5,1,2,5,112000.0,106400.0
988,2025-01-17,26,7,8,2,0,130000.0,130000.0
989,2025-01-17,74,42,7,4,10,22000.0,19800.0
990,2025-01-26,47,15,10,1,0,14500.0,14500.0
991,2025-04-17,84,32,2,4,0,10000.0,10000.0
992,2025-07-04,72,48,7,3,0,5997.0,5997.0
993,2025-11-12,35,34,1,1,10,6500.0,5850.0
994,2025-02-09,28,34,2,1,5,6500.0,6175.0
995,2025-09-30,50,13,4,5,5,110000.0,104500.0
996,2025-10-19,81,12,9,5,15,340000.0,289000.0
997,2025-02-24,99,41,10,3,20,21600.0,17280.0
998,2025-12-26,86,28,2,2,5,3200.0,3040.0
999,2025-10-09,52,33,6,2,20,3600.0,2880.0
1000,2025-06-30,41,36,6,3,15,25500.0,21675.0
1001,2025-11-21,56,47,6,5,5,24495.0,23270.25
1002,2025-10-16,70,14,7,5,10,185000.0,166500.0
1003,2025-07-04,58,29,7,1,0,3200.0,3200.0
1004,2025-05-26,77,2,9,2,10,124000.0,111600.0
1005,2025-01-04,39,15,4,3,0,43500.0,43500.0
1006,2025-12-20,36,36,9,5,5,42500.0,40375.0
1007,2025-02-18,5,30,6,2,5,2800.0,2660.0
1008,2025-05-16,47,38,4,2,10,38000.0,34200.0
1009,2025-06-03,12,37,7,5,5,82500.0,78375.0
1010,2025-02-09,93,21,8,2,20,3600.0,2880.0
1011,2025-12-20,90,37,2,5,10,82500.0,74250.0
1012,2025-01-20,94,37,7,1,0,16500.0,16500.0
1013,2025-06-21,45,28,7,1,5,1600.0,1520.0
1014,2025-12-01,78,1,7,1,10,65000.0,58500.0
1015,2025-09-26,6,21,9,5,5,9000.0,8550.0
1016,2025-06-17,65,45,4,2,0,10400.0,10400.0
1017,2025-12-11,94,26,8,5,0,125000.0,125000.0
1018,2025-04-24,56,19,7,2,5,1800.0,1710.0
1019,2025-06-22,11,31,10,1,15,700.0,595.0
1020,2025-05-15,11,26,9,4,5,100000.0,95000.0
1021,2025-03-11,62,36,4,4,15,34000.0,28900.0
1022,2025-11-30,74,13,9,5,5,110000.0,104500.0
1023,2025-05-05,10,18,7,3,0,3600.0,3600.0
1024,2025-02-27,86,27,7,3,10,45000.0,40500.0
1025,2025-04-08,42,23,10,1,10,30000.0,27000.0
1026,2025-03-28,45,40,8,5,5,16000.0,15200.0
1027,2025-08-14,6,15,4,3,5,43500.0,41325.0
1028,2025-02-13,15,48,1,2,5,3998.0,3798.1
1029,2025-05-28,2,22,2,3,20,3300.0,2640.0
1030,2025-08-30,3,22,4,5,5,5500.0,5225.0
1031,2025-04-15,70,34,5,5,20,32500.0,26000.0
1032,2025-11-15,94,10,1,4,0,168000.0,168000.0
1033,2025-05-11,22,4,5,2,10,116000.0,104400.0
1034,2025-01-28,60,42,1,1,15,5500.0,4675.0
1035,2025-12-05,35,43,6,1,0,6800.0,6800.0
1036,2025-05-30,84,25,4,4,0,8800.0,8800.0
1037,2025-06-11,63,39,9,1,5,900.0,855.0
1038,2025-04-12,65,30,9,1,0,1400.0,1400.0
1039,2025-05-07,68,20,6,4,15,18000.0,15300.0
1040,2025-03-22,3,23,6,3,10,90000.0,81000.0
1041,2025-05-01,65,18,1,3,15,3600.0,3060.0
1042,2025-01-16,72,18,4,2,10,2400.0,2160.0
1043,2025-07-21,85,9,2,4,5,248000.0,235600.0
1044,2025-08-02,31,37,3,4,10,66000.0,59400.0
1045,2025-11-06,43,29,9,2,5,6400.0,6080.0
1046,2025-12-01,18,38,9,2,5,38000.0,36100.0
1047,2025-06-08,89,46,9,2,15,4800.0,4080.0
1048,2025-03-16,84,37,3,3,0,49500.0,49500.0
1049,2025-10-13,69,47,2,2,10,9798.0,8818.2
1050,2025-03-16,94,2,6,4,15,248000.0,210800.0
1051,2025-06-05,57,48,5,2,5,3998.0,3798.1
1052,2025-02-24,17,12,1,5,10,340000.0,306000.0
1053,2025-11-07,73,40,4,5,5,16000.0,15200.0
1054,2025-04-29,88,2,6,1,20,62000.0,49600.0
1055,2025-03-10,65,39,8,3,5,2700.0,2565.0
1056,2025-07-18,63,31,3,2,5,1400.0,1330.0
1057,2025-04-26,5,27,1,3,15,45000.0,38250.0
1058,2025-04-24,96,43,4,2,0,13600.0,13600.0
1059,2025-04-01,57,40,8,3,20,9600.0,7680.0
1060,2025-05-07,55,26,1,5,15,125000.0,106250.0
1061,2025-06-10,51,40,10,5,0,16000.0,16000.0
1062,2025-09-24,14,29,8,1,5,3200.0,3040.0
1063,2025-09-23,69,26,1,5,15,125000.0,106250.0
1064,2025-09-22,98,41,1,2,10,14400.0,12960.0
1065,2025-08-14,51,20,5,4,5,18000.0,17100.0
1066,2025-08-05,38,40,1,5,5,16000.0,15200.0
1067,2025-08-26,83,29,2,5,0,16000.0,16000.0
1068,2025-04-03,100,38,9,2,15,38000.0,32300.0
1069,2025-07-31,42,29,1,2,20,6400.0,5120.0
1070,2025-10-30,92,13,8,1,10,22000.0,19800.0
1071,2025-06-15,89,42,3,1,0,5500.0,5500.0
1072,2025-02-28,91,29,6,1,15,3200.0,2720.0
1073,2025-09-19,79,11,7,5,15,210000.0,178500.0
1074,2025-01-23,99,11,6,5,5,210000.0,199500.0
1075,2025-03-25,19,12,1,4,10,272000.0,244800.0
1076,2025-06-08,94,50,8,3,5,37500.0,35625.0
1077,2025-03-02,17,13,1,5,10,110000.0,99000.0
1078,2025-01-07,59,32,8,5,0,12500.0,12500.0
1079,2025-11-08,64,16,4,5,20,110000.0,88000.0
1080,2025-08-21,53,29,2,5,0,16000.0,16000.0
1081,2025-05-06,71,18,10,5,5,6000.0,5700.0
1082,2025-01-26,24,10,1,3,0,126000.0,126000.0
1083,2025-03-16,5,43,10,5,10,34000.0,30600.0
1084,2025-06-19,12,4,2,4,5,232000.0,220400.0
1085,2025-03-24,87,19,10,5,5,4500.0,4275.0
1086,2025-08-22,96,38,6,1,0,19000.0,19000.0
1087,2025-06-03,42,24,7,1,15,7500.0,6375.0
1088,2025-10-09,9,19,8,2,0,1800.0,1800.0
1089,2025-12-22,36,22,9,4,5,4400.0,4180.0
1090,2025-12-23,27,40,1,1,0,3200.0,3200.0
1091,2025-09-05,93,45,10,3,15,15600.0,13260.0
1092,2025-11-08,41,17,9,5,10,140000.0,126000.0
1093,2025-03-08,79,37,8,5,20,82500.0,66000.0
1094,2025-09-10,24,40,4,3,5,9600.0,9120.0
1095,2025-01-01,16,2,8,1,5,62000.0,58900.0
1096,2025-11-12,54,27,1,3,10,45000.0,40500.0
1097,2025-10-14,82,14,1,2,10,74000.0,66600.0
1098,2025-05-11,9,20,5,5,10,22500.0,20250.0
1099,2025-01-04,15,44,6,3,15,8400.0,7140.0
1100,2025-10-19,79,2,3,2,10,124000.0,111600.0
1101,2025-06-23,87,31,8,1,5,700.0,665.0
1102,2025-09-04,20,41,8,5,10,36000.0,32400.0
1103,2025-08-25,53,48,1,5,10,9995.0,8995.5
1104,2025-10-17,93,44,6,5,0,14000.0,14000.0
1105,2025-04-17,74,44,6,3,0,8400.0,8400.0
1106,2025-03-18,36,2,6,4,5,248000.0,235600.0
1107,2025-10-20,78,25,3,5,0,11000.0,11000.0
1108,2025-06-07,91,21,1,3,15,5400.0,4590.0
1109,2025-02-14,64,16,6,4,10,88000.0,79200.0
1110,2025-04-21,68,20,3,1,10,4500.0,4050.0
1111,2025-01-20,100,13,2,4,0,88000.0,88000.0
1112,2025-09-05,65,10,4,3,20,126000.0,100800.0
1113,2025-09-26,40,50,6,2,0,25000.0,25000.0
1114,2025-09-22,87,9,4,1,20,62000.0,49600.0
1115,2025-07-18,92,34,2,1,10,6500.0,5850.0
1116,2025-01-23,88,39,2,3,20,2700.0,2160.0
1117,2025-01-24,14,34,5,1,10,6500.0,5850.0
1118,2025-11-24,27,21,4,2,10,3600.0,3240.0
1119,2025-05-22,69,21,8,1,10,1800.0,1620.0
1120,2025-03-18,21,18,2,1,0,1200.0,1200.0
1121,2025-04-16,70,23,9,3,10,90000.0,81000.0
1122,2025-03-14,91,19,10,2,5,1800.0,1710.0
1123,2025-02-06,40,40,6,5,20,16000.0,12800.0
1124,2025-01-26,17,2,8,1,0,62000.0,62000.0
1125,2025-07-16,7,6,7,4,5,288000.0,273600.0
1126,2025-12-27,77,38,8,5,10,95000.0,85500.0
1127,2025-06-09,43,13,9,1,20,22000.0,17600.0
1128,2025-10-18,17,6,8,1,20,72000.0,57600.0
1129,2025-06-08,88,42,8,4,5,22000.0,20900.0
1130,2025-04-25,19,40,5,3,15,9600.0,8160.0
1131,2025-04-04,90,43,6,3,20,20400.0,16320.0
1132,2025-09-07,4,5,8,1,10,56000.0,50400.0
1133,2025-09-03,60,11,5,3,5,126000.0,119700.0
1134,2025-09-18,14,26,2,3,0,75000.0,75000.0
1135,2025-06-04,69,30,7,5,15,7000.0,5950.0
1136,2025-05-03,80,16,9,2,20,44000.0,35200.0
1137,2025-07-16,9,22,4,5,15,5500.0,4675.0
1138,2025-08-11,73,22,9,2,5,2200.0,2090.0
1139,2025-12-06,86,5,10,4,0,224000.0,224000.0
1140,2025-10-31,77,30,6,5,0,7000.0,7000.0
1141,2025-08-16,23,20,7,1,0,4500.0,4500.0
1142,2025-12-17,77,50,7,3,20,37500.0,30000.0
1143,2025-11-27,85,4,2,2,5,116000.0,110200.0
1144,2025-10-25,97,41,1,2,5,14400.0,13680.0
1145,2025-08-20,69,19,7,5,20,4500.0,3600.0
1146,2025-04-11,27,44,6,3,10,8400.0,7560.0
1147,2025-08-11,92,23,2,5,0,150000.0,150000.0
1148,2025-11-10,66,26,3,3,0,75000.0,75000.0
1149,2025-07-09,71,4,1,5,10,290000.0,261000.0
1150,2025-02-26,37,2,4,4,15,248000.0,210800.0
1151,2025-11-17,41,46,7,4,15,9600.0,8160.0
1152,2025-08-11,70,14,3,4,5,148000.0,140600.0
1153,2025-04-07,72,25,6,4,5,8800.0,8360.0
1154,2025-05-28,86,9,3,1,0,62000.0,62000.0
1155,2025-11-28,3,10,8,4,5,168000.0,159600.0
1156,2025-02-13,18,42,7,4,15,22000.0,18700.0
1157,2025-11-16,24,30,9,4,20,5600.0,4480.0
1158,2025-07-16,46,15,3,4,0,58000.0,58000.0
1159,2025-10-23,64,47,4,5,10,24495.0,22045.5
1160,2025-07-30,70,37,6,1,0,16500.0,16500.0
1161,2025-10-18,62,46,6,1,20,2400.0,1920.0
1162,2025-12-20,11,10,9,3,20,126000.0,100800.0
1163,2025-09-22,11,34,10,1,5,6500.0,6175.0
1164,2025-08-30,81,48,2,5,10,9995.0,8995.5
1165,2025-11-10,7,22,9,1,20,1100.0,880.0
1166,2025-08-21,66,31,10,3,15,2100.0,1785.0
1167,2025-06-30,38,19,3,1,10,900.0,810.0
1168,2025-10-16,34,4,8,5,5,290000.0,275500.0
1169,2025-10-21,7,43,5,5,0,34000.0,34000.0
1170,2025-05-27,63,6,3,5,0,360000.0,360000.0
1171,2025-05-23,33,9,10,3,10,186000.0,167400.0
1172,2025-05-12,2,48,2,5,5,9995.0,9495.25
1173,2025-10-30,95,10,8,3,5,126000.0,119700.0
1174,2025-05-14,90,16,8,2,0,44000.0,44000.0
1175,2025-06-25,11,10,10,2,20,84000.0,67200.0
1176,2025-07-31,99,25,4,4,5,8800.0,8360.0
1177,2025-04-18,74,47,6,1,10,4899.0,4409.1
1178,2025-03-01,7,11,8,4,20,168000.0,134400.0
1179,2025-06-04,61,48,9,2,15,3998.0,3398.3
1180,2025-12-16,91,25,8,3,5,6600.0,6270.0
1181,2025-09-29,56,1,5,4,15,260000.0,221000.0
1182,2025-12-14,41,34,1,1,10,6500.0,5850.0
1183,2025-08-10,79,42,5,3,10,16500.0,14850.0
1184,2025-05-17,13,17,10,4,20,112000.0,89600.0
1185,2025-12-12,96,16,10,2,10,44000.0,39600.0
1186,2025-12-13,89,12,6,5,0,340000.0,340000.0
1187,2025-12-11,2,5,1,4,0,224000.0,224000.0
1188,2025-09-26,14,44,8,3,5,8400.0,7980.0
1189,2025-05-26,33,13,1,1,0,22000.0,22000.0
1190,2025-01-30,77,43,4,5,0,34000.0,34000.0
1191,2025-12-29,16,6,10,2,15,144000.0,122400.0
1192,2025-12-03,98,42,10,2,0,11000.0,11000.0
1193,2025-12-23,24,17,5,4,0,112000.0,112000.0
1194,2025-11-24,59,18,7,3,10,3600.0,3240.0
1195,2025-03-24,100,5,5,1,15,56000.0,47600.0
1196,2025-07-18,43,4,5,3,5,174000.0,165300.0
1197,2025-08-14,9,32,4,5,15,12500.0,10625.0
1198,2025-04-02,83,32,2,2,15,5000.0,4250.0
1199,2025-04-22,79,42,2,4,10,22000.0,19800.0
1200,2025-02-22,5,5,2,5,10,280000.0,252000.0
